"User_Id";"User_Name";"First_Name";"Last_Name";"Email";"Password";"User_Role";"Address1";"Address2";"City";"State";"Zipcode";"Country";"User_Banned";"User_Deleted"
2;"captainamerica";"Captain";"America";"captainamerica@gmail.com";"5041Jamon";"Admin";"";"";"";"";"";"";"N";"N"
3;"incrediblehulk";"Incredible";"Hulk";"incrediblehulk@gmail.com";"5041Jamon";"User";"";"";"";"";"";"";"N";"N"
5;"ironman";"Iron";"Man";"ironman@gmail.com";"5041Jamon";"User";"";"";"";"";"";"";"N";"N"
6;"spiderman";"Spider";"Man";"spiderman@gmail.com";"5041Jamon";"User";"";"";"";"";"";"";"N";"N"
7;"blackwidow";"Black";"Widow";"blackwidow@gmail.com";"5041Jamon";"User";"";"";"";"";"";"";"N";"N"
8;"hawkeye";"Hawk";"Eye";"hawkeye@gmail.com";"5041Jamon";"User";"";"";"";"";"";"";"N";"N"
9;"thorragnarok";"Thor";"Ragnarok";"thorragnarok@gmail.com";"5041Jamon";"User";"";"";"";"";"";"";"N";"N"
10;"wonderwoman";"Wonder";"Woman";"wonderwoman@gmail.com";"5041Jamon";"User";"";"";"";"";"";"";"N";"N"
11;"flashgordon";"Flash";"Gordon";"flashgordon@gmail.com";"5041Jamon";"User";"";"";"";"";"";"";"N";"N"
12;"brucebanner";"Bruce";"Banner";"brucebanner@gmail.com";"5041Jamon";"User";"";"";"";"";"";"";"N";"N"
